<?xml version="1.0" encoding="UTF-8" standalone="yes"?>
<addon id="repository.myrepo"
       name="My Repository"
       version="1.0.0"
       provider-name="hi man">

    <extension point="xbmc.addon.repository"
               name="My Repo">
        <dir>
            <info compressed="false">https://raw.githubusercontent.com/nidaltiti/repository.myrepo/master/addons.xml</info>
            <checksum>https://raw.githubusercontent.com/nidaltiti/repository.myrepo/master/addons.xml.md5</checksum>
            
      <datadir zip="true">https://raw.githubusercontent.com/nidaltiti/repository.myrepo/master/addons/zips</datadir>

   
        </dir>
    </extension>

    <extension point="xbmc.addon.metadata">
        <summary lang="en">My Kodi Repository</summary>
        <description lang="en">Contains my add-ons and dependencies</description>
        <platform>all</platform>
    </extension>
</addon>
